select cast(now() as date)=curdate() q;
q
true
create table t1 (a int);
insert into t1 values (1),(2),(3);
select cast(now() as date)=curdate() q from t1;
q
true
true
true
SELECT curdate() + 0;
curdate() + 0
19362
SELECT curdate() - 3;
curdate() - 3
19359
SELECT datediff('2023-01-09',curdate());
datediff(2023-01-09, curdate())
4
DROP TABLE IF EXISTS curdate_01;
CREATE TABLE curdate_01( d INT,d1 CHAR(20),d2 DATE,PRIMARY KEY (d));
INSERT INTO curdate_01 VALUES (1,'usaisagoodnat','1999-01-02');
INSERT INTO curdate_01 VALUES (2,'chanialfakbjap','2017-11-12');
INSERT INTO curdate_01 VALUES (3,'indiaisashit','2004-09-09');
INSERT INTO curdate_01 VALUES (4,'xingoporelka','1973-12-07');
INSERT INTO curdate_01 VALUES (5,'wlllew','2023-01-04');
SELECT datediff(curdate(), d2) FROM curdate_01;
datediff(curdate(), d2)
8769
1880
6692
17926
1
SELECT * FROM curdate_01 WHERE datediff(curdate(), d2) < 8000;
d    d1    d2
2    chanialfakbjap    2017-11-12
3    indiaisashit    2004-09-09
5    wlllew    2023-01-04
SELECT * ,datediff(curdate(), d2) AS datecount FROM curdate_01 WHERE datediff(curdate(), d2) > 10000;
d    d1    d2    datecount
4    xingoporelka    1973-12-07    17926
SELECT datediff(CAST(curdate() AS DATE),'2012-06-23');
datediff(cast(curdate() as date), 2012-06-23)
3848
SELECT datediff(CAST(curdate() AS DATETIME),'1988-01-29 12:12:12');
datediff(cast(curdate() as datetime(26)), 1988-01-29 12:12:12)
12760
SELECT datediff(DATE(curdate()),'1971-01-01');
datediff(date(curdate()), 1971-01-01)
18997
SELECT year(curdate()) - 10 AS y, month(curdate()) - 2 AS m, DAY(curdate()) - 4 AS d;
y    m    d
2013    -1    1
SELECT weekday(curdate());
weekday(curdate())
3
SELECT EXTRACT(YEAR_MONTH FROM curdate());
extract(year_month, curdate())
202301
SELECT unix_timestamp(curdate());
unix_timestamp(curdate())
1672905600
SELECT datediff(curdate(),'1970-01-01');
datediff(curdate(), 1970-01-01)
19362
DROP TABLE IF EXISTS curdate_02;
CREATE TABLE curdate_02 (a datetime DEFAULT (curdate()));
INSERT INTO curdate_02 VALUES();
INSERT INTO curdate_02 VALUES('2021-10-01 12:12:12');
INSERT INTO curdate_02 VALUES('1970-10-11 01:02:03');
INSERT INTO curdate_02 VALUES(curdate());
INSERT INTO curdate_02 VALUES('2023-01-07 10:10:10');
SELECT datediff(curdate(),a) FROM curdate_02;
datediff(curdate(), a)
0
461
19079
0
-2
SELECT *, datediff(curdate(),a) AS df FROM curdate_02 WHERE datediff(curdate(), a) = 19079 ;
a    df
1970-10-11 01:02:03    19079
