SELECT FORMAT(12332.123456, 4);
format(12332.123456, 4)
12,332.1235
SELECT FORMAT(12332.1,4);
format(12332.1, 4)
12,332.1000
SELECT FORMAT(12332.2,0);
format(12332.2, 0)
12,332
SELECT FORMAT(19999999.999999999,4);
format(19999999.999999999, 4)
20,000,000.0000
SELECT FORMAT("-.12334.2",2);
format(-.12334.2, 2)
-0.12
SELECT FORMAT("12332.123456", 4);
format(12332.123456, 4)
12,332.1235
SELECT FORMAT("12332.1",4);
format(12332.1, 4)
12,332.1000
SELECT FORMAT("12332.2",0);
format(12332.2, 0)
12,332
SELECT FORMAT("19999999.999999999",4);
format(19999999.999999999, 4)
20,000,000.0000
SELECT FORMAT(12332.123456, "4");
format(12332.123456, 4)
12,332.1235
SELECT FORMAT(12332.1,"4");
format(12332.1, 4)
12,332.1000
SELECT FORMAT(12332.2,"0");
format(12332.2, 0)
12,332
SELECT FORMAT(19999999.999999999,"4");
format(19999999.999999999, 4)
20,000,000.0000
SELECT FORMAT("-.12334.2","2");
format(-.12334.2, 2)
-0.12
SELECT FORMAT("12332.123456", "4");
format(12332.123456, 4)
12,332.1235
SELECT FORMAT("12332.1","4");
format(12332.1, 4)
12,332.1000
SELECT FORMAT("12332.2","0");
format(12332.2, 0)
12,332
SELECT FORMAT("19999999.999999999","4");
format(19999999.999999999, 4)
20,000,000.0000
SELECT FORMAT("-.12334.2","2", "en_US");
format(-.12334.2, 2, en_US)
-0.12
SELECT FORMAT("12332.123456", "4", "en_US");
format(12332.123456, 4, en_US)
12,332.1235
SELECT FORMAT("12332.1","4",  "en_US");
format(12332.1, 4, en_US)
12,332.1000
SELECT FORMAT("12332.2","0",  "en_US");
format(12332.2, 0, en_US)
12,332
SELECT FORMAT("19999999.999999999","4", "en_US");
format(19999999.999999999, 4, en_US)
20,000,000.0000
SELECT FORMAT("-.12334.2","2", "ar_SA");
format(-.12334.2, 2, ar_SA)
-0.12
SELECT FORMAT("12332.123456", "4",  "ar_SA");
format(12332.123456, 4, ar_SA)
12332.1235
SELECT FORMAT("12332.1","4",  "ar_SA");
format(12332.1, 4, ar_SA)
12332.1000
SELECT FORMAT("12332.2","0",  "ar_SA");
format(12332.2, 0, ar_SA)
12332
SELECT FORMAT("19999999.999999999","4",  "ar_SA");
format(19999999.999999999, 4, ar_SA)
20000000.0000
SELECT FORMAT("-.12334.2","2", "be_BY");
format(-.12334.2, 2, be_BY)
-0,12
SELECT FORMAT("12332.123456", "4",  "be_BY");
format(12332.123456, 4, be_BY)
12.332,1235
SELECT FORMAT("12332.1","4",  "be_BY");
format(12332.1, 4, be_BY)
12.332,1000
SELECT FORMAT("12332.2","0",  "be_BY");
format(12332.2, 0, be_BY)
12.332
SELECT FORMAT("19999999.999999999","4",  "be_BY");
format(19999999.999999999, 4, be_BY)
20.000.000,0000
SELECT FORMAT("-.12334.2","2", "bg_BG");
format(-.12334.2, 2, bg_BG)
-0,12
SELECT FORMAT("12332.123456", "4",  "bg_BG");
format(12332.123456, 4, bg_BG)
12 332,1235
SELECT FORMAT("12332.1","4",  "bg_BG");
format(12332.1, 4, bg_BG)
12 332,1000
SELECT FORMAT("12332.2","0",  "bg_BG");
format(12332.2, 0, bg_BG)
12 332
SELECT FORMAT("19999999.999999999","4",  "bg_BG");
format(19999999.999999999, 4, bg_BG)
20 000 000,0000
SELECT FORMAT("-.12334.2","2", "de_CH");
format(-.12334.2, 2, de_CH)
-0.12
SELECT FORMAT("12332.123456", "4",  "de_CH");
format(12332.123456, 4, de_CH)
12'332.1235
SELECT FORMAT("12332.1","4",  "de_CH");
format(12332.1, 4, de_CH)
12'332.1000
SELECT FORMAT("12332.2","0",  "de_CH");
format(12332.2, 0, de_CH)
12'332
SELECT FORMAT("19999999.999999999","4",  "de_CH");
format(19999999.999999999, 4, de_CH)
20'000'000.0000
create table test(a varchar(100), b varchar(100));
insert into test values("-.12334.2","2");
insert into test values("12332.123456", "4");
insert into test values("12332.1","4");
insert into test values("12332.2","0");
insert into test values("19999999.999999999");
invalid input: insert values does not match the number of columns
SELECT FORMAT(a, b) from test;
format(a, b)
-0.12
12,332.1235
12,332.1000
12,332
SELECT FORMAT(a, b, null) from test;
format(a, b, null)
-0.12
12,332.1235
12,332.1000
12,332
SELECT FORMAT(a, b, "en_US") from test;
format(a, b, en_US)
-0.12
12,332.1235
12,332.1000
12,332
SELECT FORMAT(a, b, "ar_SA") from test;
format(a, b, ar_SA)
-0.12
12332.1235
12332.1000
12332
SELECT FORMAT(a, b, "be_BY") from test;
format(a, b, be_BY)
-0,12
12.332,1235
12.332,1000
12.332
SELECT FORMAT(a, b, "bg_BG") from test;
format(a, b, bg_BG)
-0,12
12 332,1235
12 332,1000
12 332
SELECT FORMAT(a, b, "de_CH") from test;
format(a, b, de_CH)
-0.12
12'332.1235
12'332.1000
12'332
drop table test;
create table test(a varchar(100), b varchar(100), c varchar(20));
insert into test values("-.12334.2","2", "en_US");
insert into test values("12332.123456", "4", "en_US");
insert into test values("12332.1","4", "en_US");
insert into test values("12332.2","0", "en_US");
insert into test values("19999999.999999999","en_US");
invalid input: insert values does not match the number of columns
create table test(a varchar(100), b varchar(100), c varchar(20));
table test already exists
insert into test values("-.12334.2","2", "de_CH");
insert into test values("12332.123456", "4", "de_CH");
insert into test values("12332.1","4", "de_CH");
insert into test values("12332.2","0", "de_CH");
insert into test values("19999999.999999999","de_CH");
invalid input: insert values does not match the number of columns
drop table test;

DROP TABLE IF EXISTS t;
CREATE TABLE t(id INT, d1 tinyint, d2 smallint unsigned, d3 int, d4 bigint unsigned, PRIMARY KEY (id));
INSERT INTO t VALUES(1, -3, 46382, 46787698, 454987456415);
INSERT INTO t VALUES(2, 126, NULL, 743482 , 938256415);
INSERT INTO t VALUES(3, 21, 37821, 3782, 0);
INSERT INTO t VALUES(4, 0, 0, 0, 0);
INSERT INTO t VALUES(5, 128, 3892, 743482 , 938256415);
truncated type TINYINT value 128 for column d1, 1
INSERT INTO t VALUES(6, 22, 3, 4, 184467440737095516152);
truncated type BIGINT UNSIGNED value 184467440737095516152 for column d4, 1
SELECT format(d1, id) from t;
format(d1, id)
-3.0
126.00
21.000
0.0000
SELECT format(d1, id, NULL) from t;
format(d1, id, null)
-3.0
126.00
21.000
0.0000
SELECT format(d1, id, "en_US") from t;
format(d1, id, en_US)
-3.0
126.00
21.000
0.0000
SELECT format(d1, id, "ar_SA") from t;
format(d1, id, ar_SA)
-3.0
126.00
21.000
0.0000
SELECT format(d1, id, "be_BY") from t;
format(d1, id, be_BY)
-3,0
126,00
21,000
0,0000
SELECT format(d1, id, "bg_BG") from t;
format(d1, id, bg_BG)
-3,0
126,00
21,000
0,0000
SELECT * FROM t WHERE format(d1,0) = 126;
id    d1    d2    d3    d4
2    126    null    743482    938256415
SELECT id FROM (SELECT * FROM t WHERE format(d1,0) = 126) as a;
id
2
SELECT format(d1, id) FROM t WHERE d3 % 2 = 0;
format(d1, id)
-3.0
126.00
21.000
0.0000
SELECT format(d3, 4) FROM t WHERE ABS(d3) > 1000;
format(d3, 4)
46,787,698.0000
743,482.0000
3,782.0000
SELECT ABS(format(d3,0)) from t;

SELECT CEIL(format(d2, 4)) FROM t;

DROP TABLE IF EXISTS t;

CREATE TABLE t(id INT, d1 FLOAT, d2 DOUBLE NOT NULL);

INSERT INTO t VALUES(1, 1.2, 47832.434);

INSERT INTO t VALUES(2, -3283.33, 73.32);

INSERT INTO t VALUES(3, NULL, 32789.33);

INSERT INTO t VALUES(4, 0, -38902093.4324);

INSERT INTO t VALUES(5, 323232.0, 0);

INSERT INTO t VALUES(6, 323, 37827329.43432);

INSERT INTO t VALUES(6, -1.8976931348623157E+308, 0);

INSERT INTO t VALUES(7, 328739232, NULL);

INSERT INTO t VALUES(8, 7382,3923404.2132421);

SELECT format(d2, id) from t;

SELECT format(d2, id, NULL) from t;

SELECT format(d2, id, "en_US") from t;

SELECT format(d2,0)FROM t;

SELECT format(d1, id) FROM t WHERE d3 % 2 = 0;

SELECT format(d2, 4) FROM t WHERE ABS(d2) > 1000;

DROP TABLE IF EXISTS test;

CREATE table test(a varchar(100), b varchar(100));

INSERT INTO test VALUES("-0.12334","2");

INSERT INTO test VALUES("12332.123456", "4");

INSERT INTO test VALUES("12332.1","4");

INSERT INTO test VALUES("12332.2","0");

INSERT INTO test VALUES("19999999.999999999",NULL);

SELECT FORMAT(a, b) from test;

SELECT FORMAT(a, b, null) from test;

SELECT FORMAT(a, b, "en_US") from test;

SELECT FORMAT(a, b, "ar_SA") from test;

SELECT FORMAT(a, b, "be_BY") from test;

SELECT FORMAT(a, b, "bg_BG") from test;

SELECT FORMAT(a, b, "de_CH") from test;

DROP table test;

DROP TABLE IF EXISTS test;

CREATE TABLE test(a varchar(100), b varchar(100), c varchar(20));

INSERT INTO test VALUES("-.12334.2","2", "en_US");

INSERT INTO test VALUES("12332.123456", "4", "en_US");

INSERT INTO test VALUES("12332.1","4", "en_US");

INSERT INTO test VALUES("12332.2","0", "en_US");

SELECT format(a, 4) from test;

SELECT format(a, 2),format(b, 3) FROM test WHERE b > 0;

SELECT a,b,c FROM test WHERE format(b,0) = 4;

SELECT ABS(format(b,5)) FROM test;

SELECT FLOOR(format(c,3)) FROM test;

DROP TABLE if exists t;

DROP TABLE if exists t1;

DROP TABLE if exists t2;

CREATE TABLE t1(
c1 int,
c2 bigint,
primary key (c1)
);

create TABLE t2(
i int,
b bigint,
primary key (i)
);

INSERT INTO t1 values ('111', '222'), ('000', '111'), ('-111', null);

INSERT INTO t2 values (111, 999999), (0,0000000), (-1, null), (11111, 1);

SELECT c1, format(c1,1), i, format(i,1) from t1 inner join t2 on t1.c1 = t2.i order by c1 desc;

SELECT format(c2, 5) FROM t1 join t2 ON t1.c1 = t2.i;

