select cast(now() as date)=curdate() q;
q
true
create table t1 (a int);
insert into t1 values (1),(2),(3);
select cast(now() as date)=curdate() q from t1;
q
true
true
true
SELECT curdate();
curdate()
2023-01-05
SELECT curdate() + 0;
curdate() + 0
19362
SELECT curdate() - 3;
curdate() - 3
19359
DROP TABLE IF EXISTS curdate_01;
CREATE TABLE curdate_01( d INT,d1 CHAR(20),d2 DATE,PRIMARY KEY (d));
INSERT INTO curdate_01 VALUES (1,'usaisagoodnat','1970-01-02');
INSERT INTO curdate_01 VALUES (2,'chanialfakbjap','1971-11-12');
INSERT INTO curdate_01 VALUES (3,'indiaisashit','1972-09-09');
INSERT INTO curdate_01 VALUES (4,'xingoporelka','1973-12-07');
INSERT INTO curdate_01 VALUES (5,'wlllew','2023-01-06');
SELECT * FROM curdate_01 WHERE d2 < curdate();
d    d1    d2
1    usaisagoodnat    1970-01-02
2    chanialfakbjap    1971-11-12
3    indiaisashit    1972-09-09
4    xingoporelka    1973-12-07
SELECT * FROM curdate_01 WHERE d2 > curdate();
d    d1    d2
5    wlllew    2023-01-06
SELECT CAST(curdate() AS DATE);
cast(curdate() as date)
2023-01-05
SELECT CAST(curdate() AS DATETIME);
cast(curdate() as datetime(26))
2023-01-05 00:00:00
SELECT date_format(curdate(),'%W %D %M %Y');
date_format(curdate(), %W %D %M %Y)
Thursday 5th January 2023
SELECT DATE(curdate());
date(curdate())
2023-01-05
SELECT TO_DATE(curdate(),'%Y-%m-%d %T');
to_date(curdate(), %Y-%m-%d %T)
2023-01-05 00:00:00
SELECT year(curdate()) AS y, month(curdate()) AS m, DAY(curdate()) AS d;
y    m    d
2023    1    5
SELECT weekday(curdate());
weekday(curdate())
3
SELECT dayofyear(curdate());
dayofyear(curdate())
5
SELECT EXTRACT(YEAR_MONTH FROM curdate());
extract(year_month, curdate())
202301
SELECT unix_timestamp(curdate());
unix_timestamp(curdate())
1672905600
SELECT FROM_UNIXTIME(1672905600);
from_unixtime(1672905600)
2023-01-05 00:00:00
SELECT datediff(curdate(),'1970-01-01');
datediff(curdate(), 1970-01-01)
19362
DROP TABLE IF EXISTS curdate_02;
CREATE TABLE curdate_02 (a datetime DEFAULT (curdate()));
INSERT INTO curdate_02 VALUES();
INSERT INTO curdate_02 VALUES('2021-10-01 12:12:12');
INSERT INTO curdate_02 VALUES('1970-10-11 01:02:03');
INSERT INTO curdate_02 VALUES(curdate());
INSERT INTO curdate_02 VALUES('2023-01-07 10:10:10');
SELECT * FROM curdate_02 WHERE a < curdate();
a
2021-10-01 12:12:12
1970-10-11 01:02:03
SELECT * FROM curdate_02 WHERE a > curdate();
a
2023-01-07 10:10:10
SELECT a FROM curdate_02 WHERE YEAR(a) = YEAR(curdate());
a
2023-01-05 00:00:00
2023-01-05 00:00:00
2023-01-07 10:10:10
SELECT * FROM curdate_02 WHERE MONTH(a) = MONTH(curdate());
a
2023-01-05 00:00:00
2023-01-05 00:00:00
2023-01-07 10:10:10
SELECT weekday(a) AS t FROM curdate_02 WHERE weekday(a) = weekday(curdate());
t
3
3
