drop database if exists db1;
create database db1;
use db1;
drop table if exists t1;
CREATE TABLE t1 (a INTEGER PRIMARY KEY, b CHAR(10));
desc t1;
Field    Type    Null    Key    Default    Extra    Comment
a    INT(32)    NO    PRI    null        
b    CHAR(10)    YES        null        
insert into t1 values(1, 'ab');
insert into t1 values(2, 'ac');
insert into t1 values(3, 'ad');
select * from t1;
a    b
1    ab
2    ac
3    ad
alter table t1 modify a VARCHAR(20);
desc t1;
Field    Type    Null    Key    Default    Extra    Comment
a    VARCHAR(20)    NO    PRI    null        
b    CHAR(10)    YES        null        
select * from t1;
a    b
1    ab
2    ac
3    ad
drop table if exists t1;
CREATE TABLE t1 (a INTEGER PRIMARY KEY, b CHAR(10), c date);
desc t1;
Field    Type    Null    Key    Default    Extra    Comment
a    INT(32)    NO    PRI    null        
b    CHAR(10)    YES        null        
c    DATE(0)    YES        null        
insert into t1 values(1, 'ab', '1980-12-17');
insert into t1 values(2, 'ac', '1981-02-20');
insert into t1 values(3, 'ad', '1981-02-22');
select * from t1;
a    b    c
1    ab    1980-12-17
2    ac    1981-02-20
3    ad    1981-02-22
alter table t1 modify a VARCHAR(20) after b;
desc t1;
Field    Type    Null    Key    Default    Extra    Comment
b    CHAR(10)    YES        null        
a    VARCHAR(20)    NO    PRI    null        
c    DATE(0)    YES        null        
select * from t1;
b    a    c
ab    1    1980-12-17
ac    2    1981-02-20
ad    3    1981-02-22
drop table if exists t1;
CREATE TABLE t1 (a INTEGER PRIMARY KEY, b CHAR(10), c date);
desc t1;
Field    Type    Null    Key    Default    Extra    Comment
a    INT(32)    NO    PRI    null        
b    CHAR(10)    YES        null        
c    DATE(0)    YES        null        
insert into t1 values(1, 'ab', '1980-12-17');
insert into t1 values(2, 'ac', '1981-02-20');
insert into t1 values(3, 'ad', '1981-02-22');
select * from t1;
a    b    c
1    ab    1980-12-17
2    ac    1981-02-20
3    ad    1981-02-22
alter table t1 modify a VARCHAR(20) after c;
desc t1;
Field    Type    Null    Key    Default    Extra    Comment
b    CHAR(10)    YES        null        
c    DATE(0)    YES        null        
a    VARCHAR(20)    NO    PRI    null        
select * from t1;
b    c    a
ab    1980-12-17    1
ac    1981-02-20    2
ad    1981-02-22    3
drop table if exists t1;
CREATE TABLE t1 (a INTEGER, b CHAR(10), c date, PRIMARY KEY(a));
desc t1;
Field    Type    Null    Key    Default    Extra    Comment
a    INT(32)    NO    PRI    null        
b    CHAR(10)    YES        null        
c    DATE(0)    YES        null        
insert into t1 values(1, 'ab', '1980-12-17');
insert into t1 values(2, 'ac', '1981-02-20');
insert into t1 values(3, 'ad', '1981-02-22');
select * from t1;
a    b    c
1    ab    1980-12-17
2    ac    1981-02-20
3    ad    1981-02-22
alter table t1 modify b VARCHAR(20) first;
desc t1;
Field    Type    Null    Key    Default    Extra    Comment
b    VARCHAR(20)    YES        null        
a    INT(32)    NO    PRI    null        
c    DATE(0)    YES        null        
select * from t1;
b    a    c
ab    1    1980-12-17
ac    2    1981-02-20
ad    3    1981-02-22
drop table if exists t1;
CREATE TABLE t1 (a INTEGER PRIMARY KEY, b CHAR(10), c date, d decimal(7,2));
desc t1;
Field    Type    Null    Key    Default    Extra    Comment
a    INT(32)    NO    PRI    null        
b    CHAR(10)    YES        null        
c    DATE(0)    YES        null        
d    DECIMAL64(7)    YES        null        
insert into t1 values(1, 'ab', '1980-12-17', 800);
insert into t1 values(2, 'ac', '1981-02-20', 1600);
insert into t1 values(3, 'ad', '1981-02-22', 500);
select * from t1;
a    b    c    d
1    ab    1980-12-17    800.00
2    ac    1981-02-20    1600.00
3    ad    1981-02-22    500.00
alter table t1 modify b VARCHAR(20), modify d int unsigned;
desc t1;
Field    Type    Null    Key    Default    Extra    Comment
a    INT(32)    NO    PRI    null        
b    VARCHAR(20)    YES        null        
c    DATE(0)    YES        null        
d    INT UNSIGNED(32)    YES        null        
select * from t1;
a    b    c    d
1    ab    1980-12-17    800
2    ac    1981-02-20    1600
3    ad    1981-02-22    500
drop table if exists t1;
CREATE TABLE t1 (a INTEGER PRIMARY KEY, b CHAR(10), c date, d decimal(7,2));
desc t1;
Field    Type    Null    Key    Default    Extra    Comment
a    INT(32)    NO    PRI    null        
b    CHAR(10)    YES        null        
c    DATE(0)    YES        null        
d    DECIMAL64(7)    YES        null        
insert into t1 values(1, 'ab', '1980-12-17', 800);
insert into t1 values(2, 'ac', '1981-02-20', 1600);
insert into t1 values(3, 'ad', '1981-02-22', 500);
select * from t1;
a    b    c    d
1    ab    1980-12-17    800.00
2    ac    1981-02-20    1600.00
3    ad    1981-02-22    500.00
alter table t1 modify a VARCHAR(20) PRIMARY KEY;
Multiple primary key defined
alter table t1 modify b VARCHAR(20) PRIMARY KEY;
Multiple primary key defined
alter table t1 modify b VARCHAR(20) first, modify d int unsigned after b;
desc t1;
Field    Type    Null    Key    Default    Extra    Comment
b    VARCHAR(20)    YES        null        
d    INT UNSIGNED(32)    YES        null        
a    INT(32)    NO    PRI    null        
c    DATE(0)    YES        null        
select * from t1;
b    d    a    c
ab    800    1    1980-12-17
ac    1600    2    1981-02-20
ad    500    3    1981-02-22
drop table if exists t1;
CREATE TABLE t1(a INTEGER, b CHAR(10), c datetime, d decimal(7,2), PRIMARY KEY(a, b));
desc t1;
Field    Type    Null    Key    Default    Extra    Comment
a    INT(32)    NO    PRI    null        
b    CHAR(10)    NO    PRI    null        
c    DATETIME(0)    YES        null        
d    DECIMAL64(7)    YES        null        
insert into t1 values(1, 'ab', '1980-12-17 11:34:45', 800);
insert into t1 values(2, 'ac', '1981-02-20 10:34:45', 1600);
insert into t1 values(3, 'ad', '1981-02-22 09:34:45', 500);
select * from t1;
a    b    c    d
1    ab    1980-12-17 11:34:45    800.00
2    ac    1981-02-20 10:34:45    1600.00
3    ad    1981-02-22 09:34:45    500.00
alter table t1 modify c datetime default '2023-06-21 12:34:45' on update CURRENT_TIMESTAMP;
desc t1;
Field    Type    Null    Key    Default    Extra    Comment
a    INT(32)    NO    PRI    null        
b    CHAR(10)    NO    PRI    null        
c    DATETIME(0)    YES        '2023-06-21 12:34:45'        
d    DECIMAL64(7)    YES        null        
select * from t1;
a    b    c    d
1    ab    1980-12-17 11:34:45    800.00
2    ac    1981-02-20 10:34:45    1600.00
3    ad    1981-02-22 09:34:45    500.00
alter table t1 modify c date;
desc t1;
Field    Type    Null    Key    Default    Extra    Comment
a    INT(32)    NO    PRI    null        
b    CHAR(10)    NO    PRI    null        
c    DATE(0)    YES        null        
d    DECIMAL64(7)    YES        null        
select * from t1;
a    b    c    d
1    ab    1980-12-17    800.00
2    ac    1981-02-20    1600.00
3    ad    1981-02-22    500.00
drop table if exists t1;
CREATE TABLE t1 (a INTEGER, b CHAR(10), c datetime PRIMARY KEY default '2023-06-21' on update CURRENT_TIMESTAMP);
desc t1;
Field    Type    Null    Key    Default    Extra    Comment
a    INT(32)    YES        null        
b    CHAR(10)    YES        null        
c    DATETIME(0)    NO    PRI    '2023-06-21'        
insert into t1 values(1, 'ab', '1980-12-17');
insert into t1 values(2, 'ac', '1981-02-20');
insert into t1 values(3, 'ad', '1981-02-22');
select * from t1;
a    b    c
1    ab    1980-12-17 00:00:00
2    ac    1981-02-20 00:00:00
3    ad    1981-02-22 00:00:00
alter table t1 modify c date first;
desc t1;
Field    Type    Null    Key    Default    Extra    Comment
c    DATE(0)    NO    PRI    null        
a    INT(32)    YES        null        
b    CHAR(10)    YES        null        
select * from t1;
c    a    b
1980-12-17    1    ab
1981-02-20    2    ac
1981-02-22    3    ad
alter table t1 modify c datetime default '2023-06-21';
desc t1;
Field    Type    Null    Key    Default    Extra    Comment
c    DATETIME(0)    NO    PRI    '2023-06-21'        
a    INT(32)    YES        null        
b    CHAR(10)    YES        null        
select * from t1;
c    a    b
1980-12-17 00:00:00    1    ab
1981-02-20 00:00:00    2    ac
1981-02-22 00:00:00    3    ad
drop table if exists t1;
CREATE TABLE t1(a INTEGER PRIMARY KEY, b CHAR(10), c date, d decimal(7,2), UNIQUE KEY(a, b));
desc t1;
Field    Type    Null    Key    Default    Extra    Comment
a    INT(32)    NO    PRI    null        
b    CHAR(10)    YES        null        
c    DATE(0)    YES        null        
d    DECIMAL64(7)    YES        null        
insert into t1 values(1, 'ab', '1980-12-17', 800);
insert into t1 values(2, 'ac', '1981-02-20', 1600);
insert into t1 values(3, 'ad', '1981-02-22', 500);
select * from t1;
a    b    c    d
1    ab    1980-12-17    800.00
2    ac    1981-02-20    1600.00
3    ad    1981-02-22    500.00
alter table t1 modify b VARCHAR(20);
show index from t1;
Table    Non_unique    Key_name    Seq_in_index    Column_name    Collation    Cardinality    Sub_part    Packed    Null    Index_type    Comment    Index_comment    Visible    Expression
t1    0    a    1    a    A    0    NULL    NULL                    YES    NULL
t1    0    a    2    b    A    0    NULL    NULL    YES                YES    NULL
t1    0    PRIMARY    1    a    A    0    NULL    NULL                    YES    NULL
alter table t1 modify b VARCHAR(20) UNIQUE KEY;
show index from t1;
Table    Non_unique    Key_name    Seq_in_index    Column_name    Collation    Cardinality    Sub_part    Packed    Null    Index_type    Comment    Index_comment    Visible    Expression
t1    0    a    1    a    A    0    NULL    NULL                    YES    NULL
t1    0    a    2    b    A    0    NULL    NULL    YES                YES    NULL
t1    0    b    1    b    A    0    NULL    NULL    YES                YES    NULL
t1    0    PRIMARY    1    a    A    0    NULL    NULL                    YES    NULL
alter table t1 modify b VARCHAR(20) UNIQUE KEY;
show index from t1;
Table    Non_unique    Key_name    Seq_in_index    Column_name    Collation    Cardinality    Sub_part    Packed    Null    Index_type    Comment    Index_comment    Visible    Expression
t1    0    a    1    a    A    0    NULL    NULL                    YES    NULL
t1    0    a    2    b    A    0    NULL    NULL    YES                YES    NULL
t1    0    b    1    b    A    0    NULL    NULL    YES                YES    NULL
t1    0    b_2    1    b    A    0    NULL    NULL    YES                YES    NULL
t1    0    PRIMARY    1    a    A    0    NULL    NULL                    YES    NULL
desc t1;
Field    Type    Null    Key    Default    Extra    Comment
a    INT(32)    NO    PRI    null        
b    VARCHAR(20)    YES        null        
c    DATE(0)    YES        null        
d    DECIMAL64(7)    YES        null        
select * from t1;
a    b    c    d
1    ab    1980-12-17    800.00
2    ac    1981-02-20    1600.00
3    ad    1981-02-22    500.00
drop table if exists t1;
CREATE TABLE t1(a INTEGER PRIMARY KEY, b CHAR(10), c date, d decimal(7,2), INDEX(a, b), KEY(c));
desc t1;
Field    Type    Null    Key    Default    Extra    Comment
a    INT(32)    NO    PRI    null        
b    CHAR(10)    YES        null        
c    DATE(0)    YES        null        
d    DECIMAL64(7)    YES        null        
insert into t1 values(1, 'ab', '1980-12-17', 800);
insert into t1 values(2, 'ac', '1981-02-20', 1600);
insert into t1 values(3, 'ad', '1981-02-22', 500);
select * from t1;
a    b    c    d
1    ab    1980-12-17    800.00
2    ac    1981-02-20    1600.00
3    ad    1981-02-22    500.00
alter table t1 modify b VARCHAR(20);
show index from t1;
Table    Non_unique    Key_name    Seq_in_index    Column_name    Collation    Cardinality    Sub_part    Packed    Null    Index_type    Comment    Index_comment    Visible    Expression
t1    1    a    1    a    A    0    NULL    NULL                    YES    NULL
t1    1    a    2    b    A    0    NULL    NULL    YES                YES    NULL
t1    1    c    1    c    A    0    NULL    NULL    YES                YES    NULL
t1    0    PRIMARY    1    a    A    0    NULL    NULL                    YES    NULL
alter table t1 modify b VARCHAR(20) KEY;
Multiple primary key defined
alter table t1 modify b VARCHAR(20) UNIQUE KEY;
show index from t1;
Table    Non_unique    Key_name    Seq_in_index    Column_name    Collation    Cardinality    Sub_part    Packed    Null    Index_type    Comment    Index_comment    Visible    Expression
t1    0    b    1    b    A    0    NULL    NULL    YES                YES    NULL
t1    1    a    1    a    A    0    NULL    NULL                    YES    NULL
t1    1    a    2    b    A    0    NULL    NULL    YES                YES    NULL
t1    1    c    1    c    A    0    NULL    NULL    YES                YES    NULL
t1    0    PRIMARY    1    a    A    0    NULL    NULL                    YES    NULL
alter table t1 modify c VARCHAR(20) UNIQUE KEY;
show index from t1;
Table    Non_unique    Key_name    Seq_in_index    Column_name    Collation    Cardinality    Sub_part    Packed    Null    Index_type    Comment    Index_comment    Visible    Expression
t1    0    b    1    b    A    0    NULL    NULL    YES                YES    NULL
t1    0    c_2    1    c    A    0    NULL    NULL    YES                YES    NULL
t1    1    a    1    a    A    0    NULL    NULL                    YES    NULL
t1    1    a    2    b    A    0    NULL    NULL    YES                YES    NULL
t1    1    c    1    c    A    0    NULL    NULL    YES                YES    NULL
t1    0    PRIMARY    1    a    A    0    NULL    NULL                    YES    NULL
desc t1;
Field    Type    Null    Key    Default    Extra    Comment
a    INT(32)    NO    PRI    null        
b    VARCHAR(20)    YES        null        
c    VARCHAR(20)    YES        null        
d    DECIMAL64(7)    YES        null        
select * from t1;
a    b    c    d
1    ab    1980-12-17    800.00
2    ac    1981-02-20    1600.00
3    ad    1981-02-22    500.00
drop table if exists t1;
create table t1(
empno int unsigned auto_increment,
ename varchar(15) ,
job varchar(10),
mgr int unsigned,
hiredate date,
sal decimal(7,2),
comm decimal(7,2),
deptno int unsigned,
primary key(empno, ename)
);
desc t1;
Field    Type    Null    Key    Default    Extra    Comment
empno    INT UNSIGNED(32)    NO    PRI    null        
ename    VARCHAR(15)    NO    PRI    null        
job    VARCHAR(10)    YES        null        
mgr    INT UNSIGNED(32)    YES        null        
hiredate    DATE(0)    YES        null        
sal    DECIMAL64(7)    YES        null        
comm    DECIMAL64(7)    YES        null        
deptno    INT UNSIGNED(32)    YES        null        
INSERT INTO t1 VALUES (7369,'SMITH','CLERK',7902,'1980-12-17',800,NULL,20);
INSERT INTO t1 VALUES (7499,'ALLEN','SALESMAN',7698,'1981-02-20',1600,300,30);
INSERT INTO t1 VALUES (7521,'WARD','SALESMAN',7698,'1981-02-22',1250,500,30);
INSERT INTO t1 VALUES (7566,'JONES','MANAGER',7839,'1981-04-02',2975,NULL,20);
INSERT INTO t1 VALUES (7654,'MARTIN','SALESMAN',7698,'1981-09-28',1250,1400,30);
INSERT INTO t1 VALUES (7698,'BLAKE','MANAGER',7839,'1981-05-01',2850,NULL,30);
INSERT INTO t1 VALUES (7782,'CLARK','MANAGER',7839,'1981-06-09',2450,NULL,10);
INSERT INTO t1 VALUES (7788,'SCOTT','ANALYST',7566,'0087-07-13',3000,NULL,20);
INSERT INTO t1 VALUES (7839,'KING','PRESIDENT',NULL,'1981-11-17',5000,NULL,10);
INSERT INTO t1 VALUES (7844,'TURNER','SALESMAN',7698,'1981-09-08',1500,0,30);
INSERT INTO t1 VALUES (7876,'ADAMS','CLERK',7788,'0087-07-13',1100,NULL,20);
INSERT INTO t1 VALUES (7900,'JAMES','CLERK',7698,'1981-12-03',950,NULL,30);
INSERT INTO t1 VALUES (7902,'FORD','ANALYST',7566,'1981-12-03',3000,NULL,20);
INSERT INTO t1 VALUES (7934,'MILLER','CLERK',7782,'1982-01-23',1300,NULL,10);
select * from t1;
empno    ename    job    mgr    hiredate    sal    comm    deptno
7369    SMITH    CLERK    7902    1980-12-17    800.00    null    20
7499    ALLEN    SALESMAN    7698    1981-02-20    1600.00    300.00    30
7521    WARD    SALESMAN    7698    1981-02-22    1250.00    500.00    30
7566    JONES    MANAGER    7839    1981-04-02    2975.00    null    20
7654    MARTIN    SALESMAN    7698    1981-09-28    1250.00    1400.00    30
7698    BLAKE    MANAGER    7839    1981-05-01    2850.00    null    30
7782    CLARK    MANAGER    7839    1981-06-09    2450.00    null    10
7788    SCOTT    ANALYST    7566    0087-07-13    3000.00    null    20
7839    KING    PRESIDENT    null    1981-11-17    5000.00    null    10
7844    TURNER    SALESMAN    7698    1981-09-08    1500.00    0.00    30
7876    ADAMS    CLERK    7788    0087-07-13    1100.00    null    20
7900    JAMES    CLERK    7698    1981-12-03    950.00    null    30
7902    FORD    ANALYST    7566    1981-12-03    3000.00    null    20
7934    MILLER    CLERK    7782    1982-01-23    1300.00    null    10
alter table t1 modify empno varchar(20) after sal;
desc t1;
Field    Type    Null    Key    Default    Extra    Comment
ename    VARCHAR(15)    NO    PRI    null        
job    VARCHAR(10)    YES        null        
mgr    INT UNSIGNED(32)    YES        null        
hiredate    DATE(0)    YES        null        
sal    DECIMAL64(7)    YES        null        
empno    VARCHAR(20)    NO    PRI    null        
comm    DECIMAL64(7)    YES        null        
deptno    INT UNSIGNED(32)    YES        null        
select * from t1;
ename    job    mgr    hiredate    sal    empno    comm    deptno
SMITH    CLERK    7902    1980-12-17    800.00    7369    null    20
ALLEN    SALESMAN    7698    1981-02-20    1600.00    7499    300.00    30
WARD    SALESMAN    7698    1981-02-22    1250.00    7521    500.00    30
JONES    MANAGER    7839    1981-04-02    2975.00    7566    null    20
MARTIN    SALESMAN    7698    1981-09-28    1250.00    7654    1400.00    30
BLAKE    MANAGER    7839    1981-05-01    2850.00    7698    null    30
CLARK    MANAGER    7839    1981-06-09    2450.00    7782    null    10
SCOTT    ANALYST    7566    0087-07-13    3000.00    7788    null    20
KING    PRESIDENT    null    1981-11-17    5000.00    7839    null    10
TURNER    SALESMAN    7698    1981-09-08    1500.00    7844    0.00    30
ADAMS    CLERK    7788    0087-07-13    1100.00    7876    null    20
JAMES    CLERK    7698    1981-12-03    950.00    7900    null    30
FORD    ANALYST    7566    1981-12-03    3000.00    7902    null    20
MILLER    CLERK    7782    1982-01-23    1300.00    7934    null    10
drop table if exists t1;
create table t1(a int unsigned, b varchar(15) NOT NULL, c date, d decimal(7,2), primary key(a));
desc t1;
Field    Type    Null    Key    Default    Extra    Comment
a    INT UNSIGNED(32)    NO    PRI    null        
b    VARCHAR(15)    NO        null        
c    DATE(0)    YES        null        
d    DECIMAL64(7)    YES        null        
insert into t1 values (7369,'SMITH','1980-12-17',800);
insert into t1 values  (7499,'ALLEN','1981-02-20',1600);
insert into t1 values (7521,'WARD','1981-02-22',1250);
insert into t1 values  (7566,'JONES','1981-04-02',2975);
insert into t1 values  (7654,'MARTIN','1981-09-28',1250);
select * from t1;
a    b    c    d
7369    SMITH    1980-12-17    800.00
7499    ALLEN    1981-02-20    1600.00
7521    WARD    1981-02-22    1250.00
7566    JONES    1981-04-02    2975.00
7654    MARTIN    1981-09-28    1250.00
alter table t1 modify a int auto_increment;
desc t1;
Field    Type    Null    Key    Default    Extra    Comment
a    INT(32)    NO    PRI    null        
b    VARCHAR(15)    NO        null        
c    DATE(0)    YES        null        
d    DECIMAL64(7)    YES        null        
select * from t1;
a    b    c    d
7369    SMITH    1980-12-17    800.00
7499    ALLEN    1981-02-20    1600.00
7521    WARD    1981-02-22    1250.00
7566    JONES    1981-04-02    2975.00
7654    MARTIN    1981-09-28    1250.00
alter table t1 modify d decimal(6,2);
desc t1;
Field    Type    Null    Key    Default    Extra    Comment
a    INT(32)    NO    PRI    null        
b    VARCHAR(15)    NO        null        
c    DATE(0)    YES        null        
d    DECIMAL64(6)    YES        null        
select * from t1;
a    b    c    d
7369    SMITH    1980-12-17    800.00
7499    ALLEN    1981-02-20    1600.00
7521    WARD    1981-02-22    1250.00
7566    JONES    1981-04-02    2975.00
7654    MARTIN    1981-09-28    1250.00
drop table if exists dept;
create table dept(
deptno varchar(20),
dname varchar(15),
loc varchar(50),
primary key(deptno)
);
INSERT INTO dept VALUES (10,'ACCOUNTING','NEW YORK');
INSERT INTO dept VALUES (20,'RESEARCH','DALLAS');
INSERT INTO dept VALUES (30,'SALES','CHICAGO');
INSERT INTO dept VALUES (40,'OPERATIONS','BOSTON');
drop table if exists emp;
create table emp(
empno int unsigned auto_increment,
ename varchar(15),
job varchar(10),
mgr int unsigned,
hiredate date,
sal decimal(7,2),
comm decimal(7,2),
deptno varchar(20),
primary key(empno),
FOREIGN KEY (deptno) REFERENCES dept(deptno)
);
INSERT INTO emp VALUES (7369,'SMITH','CLERK',7902,'1980-12-17',800,NULL,20);
INSERT INTO emp VALUES (7499,'ALLEN','SALESMAN',7698,'1981-02-20',1600,300,30);
INSERT INTO emp VALUES (7521,'WARD','SALESMAN',7698,'1981-02-22',1250,500,30);
INSERT INTO emp VALUES (7566,'JONES','MANAGER',7839,'1981-04-02',2975,NULL,20);
INSERT INTO emp VALUES (7654,'MARTIN','SALESMAN',7698,'1981-09-28',1250,1400,30);
INSERT INTO emp VALUES (7698,'BLAKE','MANAGER',7839,'1981-05-01',2850,NULL,30);
INSERT INTO emp VALUES (7782,'CLARK','MANAGER',7839,'1981-06-09',2450,NULL,10);
INSERT INTO emp VALUES (7788,'SCOTT','ANALYST',7566,'0087-07-13',3000,NULL,20);
INSERT INTO emp VALUES (7839,'KING','PRESIDENT',NULL,'1981-11-17',5000,NULL,10);
INSERT INTO emp VALUES (7844,'TURNER','SALESMAN',7698,'1981-09-08',1500,0,30);
INSERT INTO emp VALUES (7876,'ADAMS','CLERK',7788,'0087-07-13',1100,NULL,20);
INSERT INTO emp VALUES (7900,'JAMES','CLERK',7698,'1981-12-03',950,NULL,30);
INSERT INTO emp VALUES (7902,'FORD','ANALYST',7566,'1981-12-03',3000,NULL,20);
INSERT INTO emp VALUES (7934,'MILLER','CLERK',7782,'1982-01-23',1300,NULL,10);
alter table emp modify deptno char(20);
Cannot change column 'deptno': used in a foreign key constraint ''
alter table emp modify deptno int;
Cannot change column 'deptno': used in a foreign key constraint ''
alter table emp modify deptno varchar(10);
Cannot change column 'deptno': used in a foreign key constraint ''
alter table emp modify deptno varchar(25);
desc emp;
Field    Type    Null    Key    Default    Extra    Comment
empno    INT UNSIGNED(32)    NO    PRI    null        
ename    VARCHAR(15)    YES        null        
job    VARCHAR(10)    YES        null        
mgr    INT UNSIGNED(32)    YES        null        
hiredate    DATE(0)    YES        null        
sal    DECIMAL64(7)    YES        null        
comm    DECIMAL64(7)    YES        null        
deptno    VARCHAR(25)    YES        null        
select * from emp;
empno    ename    job    mgr    hiredate    sal    comm    deptno
7369    SMITH    CLERK    7902    1980-12-17    800.00    null    20
7499    ALLEN    SALESMAN    7698    1981-02-20    1600.00    300.00    30
7521    WARD    SALESMAN    7698    1981-02-22    1250.00    500.00    30
7566    JONES    MANAGER    7839    1981-04-02    2975.00    null    20
7654    MARTIN    SALESMAN    7698    1981-09-28    1250.00    1400.00    30
7698    BLAKE    MANAGER    7839    1981-05-01    2850.00    null    30
7782    CLARK    MANAGER    7839    1981-06-09    2450.00    null    10
7788    SCOTT    ANALYST    7566    0087-07-13    3000.00    null    20
7839    KING    PRESIDENT    null    1981-11-17    5000.00    null    10
7844    TURNER    SALESMAN    7698    1981-09-08    1500.00    0.00    30
7876    ADAMS    CLERK    7788    0087-07-13    1100.00    null    20
7900    JAMES    CLERK    7698    1981-12-03    950.00    null    30
7902    FORD    ANALYST    7566    1981-12-03    3000.00    null    20
7934    MILLER    CLERK    7782    1982-01-23    1300.00    null    10
drop table emp;
drop table dept;
drop table if exists t1;
CREATE TABLE t1(col1 int not null, col2 varchar(10));
insert into t1 values (1, '137iu2');
insert into t1 values (1, '73ujf34f');
select * from t1;
col1    col2
1    137iu2
1    73ujf34f
alter table t1 modify col1 int primary key;
Duplicate entry '1' for key 'col1'
desc t1;
Field    Type    Null    Key    Default    Extra    Comment
col1    INT(32)    NO        null        
col2    VARCHAR(10)    YES        null        
alter table t1 modify col2 varchar(10) primary key;
desc t1;
Field    Type    Null    Key    Default    Extra    Comment
col1    INT(32)    NO        null        
col2    VARCHAR(10)    NO    PRI    null        
insert into t1 values (1, 'cdsdsa');
select * from t1;
col1    col2
1    137iu2
1    73ujf34f
1    cdsdsa
drop table t1;
drop database if exists db2;
drop database if exists test;
use test;
invalid database test
drop table if exists alter01;
create table alter01 (col1 int, col2 char);
insert into alter01 values (1, 'q');
insert into alter01 values (2, 'a');
insert into alter01 values (10, '3');
select * from alter01;
col1    col2
1    q
2    a
10    3
alter table alter01 modify col2 varchar(20) after col1;
show create table alter01;
Table    Create Table
alter01    CREATE TABLE `alter01` (\n`col1` INT DEFAULT null,\n`col2` VARCHAR(20) DEFAULT null\n)
insert into alter01 values (100, '**(*(&(*UJHI');
select * from alter01;
col1    col2
1    q
2    a
10    3
100    **(*(&(*UJHI
drop table alter01;
drop table if exists alter02;
create table alter02 (col1 int, col2 varchar(10));
insert into alter02 values (1, 'w43234rfq');
insert into alter02 values (2, 'a32f4');
insert into alter02 values (10, '3432t43r4f');
select * from alter02;
col1    col2
1    w43234rfq
2    a32f4
10    3432t43r4f
alter table alter02 modify col2 char(20) first;
show create table alter02;
Table    Create Table
alter02    CREATE TABLE `alter02` (\n`col2` CHAR(20) DEFAULT null,\n`col1` INT DEFAULT null\n)
insert into alter02 values ('738fewhu&^YUH', 100);
select * from alter02;
col2    col1
w43234rfq    1
a32f4    2
3432t43r4f    10
738fewhu&^YUH    100
drop table alter02;
drop table if exists alter03;
create table alter03 (col1 int, col2 binary, col3 decimal);
insert into alter03 values (1, 'e', 324214.2134123);
insert into alter03 values (2, '4', -242134.3231432);
select * from alter03;
col1    col2    col3
1    e    324214
2    4    -242134
alter table alter03 modify col1 decimal after col3, modify col2 varbinary(20);
show create table alter03;
Table    Create Table
alter03    CREATE TABLE `alter03` (\n`col2` VARBINARY(20) DEFAULT null,\n`col3` DECIMAL(38,0) DEFAULT null,\n`col1` DECIMAL(38,0) DEFAULT null\n)
insert into alter03 values ('32143124', 42432321.000, 132432.214234);
select * from alter03;
col2    col3    col1
e    324214    1
4    -242134    2
32143124    42432321    132432
drop table alter03;
drop table if exists alter04;
create table alter04 (col1 int not null default 100 primary key );
insert into alter04 values ();
insert into alter04 values (101);
alter table alter04 modify col1 int auto_increment;
show create table alter04;
Table    Create Table
alter04    CREATE TABLE `alter04` (\n`col1` INT NOT NULL AUTO_INCREMENT,\nPRIMARY KEY (`col1`)\n)
insert into alter04 values ();
insert into alter04 values ();
select * from alter04;
col1
100
101
102
103
drop table alter04;
drop tablre if exists primary01;
SQL parser error: You have an error in your SQL syntax; check the manual that corresponds to your MatrixOne server version for the right syntax to use. syntax error at line 1 column 11 near " tablre if exists primary01;";
create table primary01 (col1 int, col2 text);
insert into primary01 values (1, 'wq432r43rf32y2493821ijfk2env3ui4y33i24');
insert into primary01 values (2, '243ewfvefreverewfcwr');
alter table primary01 modify col1 float primary key;
show create table primary01;
Table    Create Table
primary01    CREATE TABLE `primary01` (\n`col1` FLOAT DEFAULT null,\n`col2` TEXT DEFAULT null,\nPRIMARY KEY (`col1`)\n)
insert into primary01 values (1, '432r2f234day89ujfw42342');
Duplicate entry '1' for key 'col1'
insert into primary01 values (2378.32423, '234242))())_');
select * from primary01;
col1    col2
1.0    wq432r43rf32y2493821ijfk2env3ui4y33i24
2.0    243ewfvefreverewfcwr
2378.3242    234242))())_
drop table primary01;
drop table if exists primary02;
create table primary02(col1 int, col2 binary(10));
insert into primary02 values (1, '32143');
insert into primary02 values (1, '3e');
select * from primary02;
col1    col2
1    32143     
1    3e        
alter table primary02 modify col1 int primary key;
Duplicate entry '1' for key 'col1'
show create table primary02;
Table    Create Table
primary02    CREATE TABLE `primary02` (\n`col1` INT DEFAULT NULL,\n`col2` BINARY(10) DEFAULT NULL\n)
drop table primary02;
drop table if exists primary03;
create table primary03(col1 int, col2 binary(10));
insert into primary03 values (1, '32143');
insert into primary03 values (2, '3e');
alter table primary03 modify col1 int primary key;
show create table primary03;
Table    Create Table
primary03    CREATE TABLE `primary03` (\n`col1` INT DEFAULT null,\n`col2` BINARY(10) DEFAULT null,\nPRIMARY KEY (`col1`)\n)
insert into primary03 values (3, '*');
insert into primary03 values (3, 'assad');
Duplicate entry '3' for key 'col1'
select * from primary03;
col1    col2
1    32143     
2    3e        
3    *         
drop table primary03;
drop table if exists primary04;
[unknown result because it is related to issue#11211]
create table primary04(col1 int primary key ,col2 varbinary(20));
[unknown result because it is related to issue#11211]
insert into primary04 values (1, 'qfreqvreq');
[unknown result because it is related to issue#11211]
insert into primary04 values (2, '324543##');
[unknown result because it is related to issue#11211]
alter table primary04 modify col1 float;
[unknown result because it is related to issue#11211]
show create table primary04;
[unknown result because it is related to issue#11211]
insert into primary04 values (1, '324342__');
[unknown result because it is related to issue#11211]
insert into primary04 values (3, 'qw');
[unknown result because it is related to issue#11211]
select * from primary04;
[unknown result because it is related to issue#11211]
drop table primary04;
[unknown result because it is related to issue#11211]
drop table if exists primary05;
create table primary05(col1 int primary key ,col2 varbinary(20));
insert into primary05 values (1, 'qfreqvreq');
insert into primary05 values (2, '324543##');
alter table primary05 modify col2 binary(30) primary key;
Multiple primary key defined
show create table primary05;
Table    Create Table
primary05    CREATE TABLE `primary05` (\n`col1` INT NOT NULL,\n`col2` VARBINARY(20) DEFAULT NULL,\nPRIMARY KEY (`col1`)\n)
drop table primary05;
drop table if exists primary06;
create table primary06(col1 int primary key ,col2 varbinary(20));
insert into primary06 values (1, 'qfreqvreq');
insert into primary06 values (2, '324543##');
alter table primary06 modify col1 int unsigned primary key;
Multiple primary key defined
alter table primary06 modify col2 binary(30) primary key;
Multiple primary key defined
show create table primary06;
Table    Create Table
primary06    CREATE TABLE `primary06` (\n`col1` INT NOT NULL,\n`col2` VARBINARY(20) DEFAULT NULL,\nPRIMARY KEY (`col1`)\n)
drop table primary06;
drop table if exists primary07;
[unknown result because it is related to issue#11211]
create table primary07(col1 int ,col2 float, col3 decimal, primary key (col1, col2));
[unknown result because it is related to issue#11211]
insert into primary07 values (1, 213412.32143, 3214312.34243214242);
[unknown result because it is related to issue#11211]
insert into primary07 values (2, -324.2342432423, -1243.42334234242);
[unknown result because it is related to issue#11211]
alter table primary07 modify col1 double not null;
[unknown result because it is related to issue#11211]
alter table primary07 modify col2 decimal(28,10);
[unknown result because it is related to issue#11211]
show create table primary07;
[unknown result because it is related to issue#11211]
drop table primary07;
[unknown result because it is related to issue#11211]
drop table if exists index01;
CREATE TABLE index01(a INTEGER, b CHAR(10), c date, d decimal(7,2), UNIQUE KEY(a, b));
show create table index01;
Table    Create Table
index01    CREATE TABLE `index01` (\n`a` INT DEFAULT NULL,\n`b` CHAR(10) DEFAULT NULL,\n`c` DATE DEFAULT NULL,\n`d` DECIMAL(7,2) DEFAULT NULL,\nUNIQUE KEY `a` (`a`,`b`)\n)
insert into index01 values(1, 'ab', '1980-12-17', 800);
insert into index01 values(2, 'ac', '1981-02-20', 1600);
insert into index01 values(3, 'ad', '1981-02-22', 500);
select * from index01;
a    b    c    d
1    ab    1980-12-17    800.00
2    ac    1981-02-20    1600.00
3    ad    1981-02-22    500.00
alter table index01 modify b VARCHAR(20);
show create table index01;
Table    Create Table
index01    CREATE TABLE `index01` (\n`a` INT DEFAULT null,\n`b` VARCHAR(20) DEFAULT null,\n`c` DATE DEFAULT null,\n`d` DECIMAL(7,2) DEFAULT null,\nUNIQUE KEY `a` (`a`,`b`)\n)
show index from index01;
Table    Non_unique    Key_name    Seq_in_index    Column_name    Collation    Cardinality    Sub_part    Packed    Null    Index_type    Comment    Index_comment    Visible    Expression
index01    0    a    1    a    A    0    NULL    NULL    YES                YES    NULL
index01    0    a    2    b    A    0    NULL    NULL    YES                YES    NULL
alter table index01 modify b VARCHAR(20) UNIQUE KEY;
show index from index01;
Table    Non_unique    Key_name    Seq_in_index    Column_name    Collation    Cardinality    Sub_part    Packed    Null    Index_type    Comment    Index_comment    Visible    Expression
index01    0    a    1    a    A    0    NULL    NULL    YES                YES    NULL
index01    0    a    2    b    A    0    NULL    NULL    YES                YES    NULL
index01    0    b    1    b    A    0    NULL    NULL    YES                YES    NULL
show create table index01;
Table    Create Table
index01    CREATE TABLE `index01` (\n`a` INT DEFAULT null,\n`b` VARCHAR(20) DEFAULT null,\n`c` DATE DEFAULT null,\n`d` DECIMAL(7,2) DEFAULT null,\nUNIQUE KEY `a` (`a`,`b`),\nUNIQUE KEY `b` (`b`)\n)
select * from index01;
a    b    c    d
1    ab    1980-12-17    800.00
2    ac    1981-02-20    1600.00
3    ad    1981-02-22    500.00
drop table if exists index02;
CREATE TABLE index02(a INTEGER PRIMARY KEY, b CHAR(10), c date, d decimal(7,2), INDEX(a, b), KEY(c));
insert into index02 values(1, 'ab', '1980-12-17', 800);
insert into index02 values(2, 'ac', '1981-02-20', 1600);
insert into index02 values(3, 'ad', '1981-02-22', 500);
select * from index02;
a    b    c    d
1    ab    1980-12-17    800.00
2    ac    1981-02-20    1600.00
3    ad    1981-02-22    500.00
alter table index02 modify b VARCHAR(20);
show index from index02;
Table    Non_unique    Key_name    Seq_in_index    Column_name    Collation    Cardinality    Sub_part    Packed    Null    Index_type    Comment    Index_comment    Visible    Expression
index02    1    a    1    a    A    0    NULL    NULL                    YES    NULL
index02    1    a    2    b    A    0    NULL    NULL    YES                YES    NULL
index02    1    c    1    c    A    0    NULL    NULL    YES                YES    NULL
index02    0    PRIMARY    1    a    A    0    NULL    NULL                    YES    NULL
alter table index02 modify b VARCHAR(20) KEY;
Multiple primary key defined
show create table index02;
Table    Create Table
index02    CREATE TABLE `index02` (\n`a` INT NOT NULL,\n`b` VARCHAR(20) DEFAULT null,\n`c` DATE DEFAULT null,\n`d` DECIMAL(7,2) DEFAULT null,\nPRIMARY KEY (`a`),\nKEY `a` (`a`,`b`),\nKEY `c` (`c`)\n)
alter table index02 modify b VARCHAR(20) UNIQUE KEY;
show index from index02;
Table    Non_unique    Key_name    Seq_in_index    Column_name    Collation    Cardinality    Sub_part    Packed    Null    Index_type    Comment    Index_comment    Visible    Expression
index02    0    b    1    b    A    0    NULL    NULL    YES                YES    NULL
index02    1    a    1    a    A    0    NULL    NULL                    YES    NULL
index02    1    a    2    b    A    0    NULL    NULL    YES                YES    NULL
index02    1    c    1    c    A    0    NULL    NULL    YES                YES    NULL
index02    0    PRIMARY    1    a    A    0    NULL    NULL                    YES    NULL
alter table index02 modify c VARCHAR(20) UNIQUE KEY;
show index from index02;
Table    Non_unique    Key_name    Seq_in_index    Column_name    Collation    Cardinality    Sub_part    Packed    Null    Index_type    Comment    Index_comment    Visible    Expression
index02    0    b    1    b    A    0    NULL    NULL    YES                YES    NULL
index02    0    c_2    1    c    A    0    NULL    NULL    YES                YES    NULL
index02    1    a    1    a    A    0    NULL    NULL                    YES    NULL
index02    1    a    2    b    A    0    NULL    NULL    YES                YES    NULL
index02    1    c    1    c    A    0    NULL    NULL    YES                YES    NULL
index02    0    PRIMARY    1    a    A    0    NULL    NULL                    YES    NULL
show create table index02;
Table    Create Table
index02    CREATE TABLE `index02` (\n`a` INT NOT NULL,\n`b` VARCHAR(20) DEFAULT null,\n`c` VARCHAR(20) DEFAULT null,\n`d` DECIMAL(7,2) DEFAULT null,\nPRIMARY KEY (`a`),\nUNIQUE KEY `b` (`b`),\nUNIQUE KEY `c_2` (`c`),\nKEY `a` (`a`,`b`),\nKEY `c` (`c`)\n)
desc index02;
Field    Type    Null    Key    Default    Extra    Comment
a    INT(32)    NO    PRI    null        
b    VARCHAR(20)    YES        null        
c    VARCHAR(20)    YES        null        
d    DECIMAL64(7)    YES        null        
select * from index02;
a    b    c    d
1    ab    1980-12-17    800.00
2    ac    1981-02-20    1600.00
3    ad    1981-02-22    500.00
drop table if exists null01;
create table null01(col1 int default null, col2 binary(10));
insert into null01 values (1, '32143');
insert into null01 values (null, '3e');
alter table null01 modify col1 int not null;
constraint violation: Column 'col1' cannot be null
show create table null01;
Table    Create Table
null01    CREATE TABLE `null01` (\n`col1` INT DEFAULT null,\n`col2` BINARY(10) DEFAULT NULL\n)
select * from null01;
col1    col2
1    32143     
null    3e        
drop table null01;
drop table if exists null02;
create table null02(col1 int default null, col2 varbinary(100));
insert into null02 values (1, '32143');
insert into null02 values (2, '3e');
alter table null02 modify col1 int not null;
show create table null02;
Table    Create Table
null02    CREATE TABLE `null02` (\n`col1` INT NOT NULL,\n`col2` VARBINARY(100) DEFAULT null\n)
insert into null02 values (null, '1');
constraint violation: Column 'col1' cannot be null
insert into null02 values (342, 'aesd');
select * from null02;
col1    col2
1    32143
2    3e
342    aesd
drop table null02;
drop table if exists cast01;
create table cast01 (col1 int, col2 smallint, col3 bigint unsigned, col4 tinyint unsigned);
insert into cast01 values (1, -32768, 12352314214243242, 0);
insert into cast01 values (329884234, 32767, 3828493, 21);
insert into cast01 values (-29302423, 32, 324242132321, 10);
insert into cast01 values (null, null, null, null);
select * from cast01;
col1    col2    col3    col4
1    -32768    12352314214243242    0
329884234    32767    3828493    21
-29302423    32    324242132321    10
null    null    null    null
alter table cast01 modify col1 float;
show create table cast01;
Table    Create Table
cast01    CREATE TABLE `cast01` (\n`col1` FLOAT DEFAULT null,\n`col2` SMALLINT DEFAULT null,\n`col3` BIGINT UNSIGNED DEFAULT null,\n`col4` TINYINT UNSIGNED DEFAULT null\n)
insert into cast01 values (3271.312432, null, 323254324321432, 100);
select * from cast01;
col1    col2    col3    col4
1.0    -32768    12352314214243242    0
3.2988422E8    32767    3828493    21
-2.9302424E7    32    324242132321    10
null    null    null    null
3271.3125    null    323254324321432    100
alter table cast01 modify col2 double first;
show create table cast01;
Table    Create Table
cast01    CREATE TABLE `cast01` (\n`col2` DOUBLE DEFAULT null,\n`col1` FLOAT DEFAULT null,\n`col3` BIGINT UNSIGNED DEFAULT null,\n`col4` TINYINT UNSIGNED DEFAULT null\n)
insert into cast01 values (3271834.2134, -3892843.214, 328943232, 255);
select * from cast01;
col2    col1    col3    col4
-32768.0    1.0    12352314214243242    0
32767.0    3.2988422E8    3828493    21
32.0    -2.9302424E7    324242132321    10
null    null    null    null
null    3271.3125    323254324321432    100
3271834.2134    -3892843.2    328943232    255
alter table cast01 modify col3 double;
show create table cast01;
Table    Create Table
cast01    CREATE TABLE `cast01` (\n`col2` DOUBLE DEFAULT null,\n`col1` FLOAT DEFAULT null,\n`col3` DOUBLE DEFAULT null,\n`col4` TINYINT UNSIGNED DEFAULT null\n)
insert into cast01 values (3271834.2134, -3892843.214, 328943232.3234, 255);
select * from cast01;
col2    col1    col3    col4
-32768.0    1.0    1.2352314214243242E16    0
32767.0    3.2988422E8    3828493.0    21
32.0    -2.9302424E7    3.24242132321E11    10
null    null    null    null
null    3271.3125    3.23254324321432E14    100
3271834.2134    -3892843.2    3.28943232E8    255
3271834.2134    -3892843.2    3.289432323234E8    255
alter table cast01 modify col4 decimal(28,10) after col2;
show create table cast01;
Table    Create Table
cast01    CREATE TABLE `cast01` (\n`col2` DOUBLE DEFAULT null,\n`col4` DECIMAL(28,10) DEFAULT null,\n`col1` FLOAT DEFAULT null,\n`col3` DOUBLE DEFAULT null\n)
insert into cast01 values (3271834.2134, -3823243.4324, 328943232.3234, -32423.43243);
select * from cast01;
col2    col4    col1    col3
-32768.0    0E-10    1.0    1.2352314214243242E16
32767.0    21.0000000000    3.2988422E8    3828493.0
32.0    10.0000000000    -2.9302424E7    3.24242132321E11
null    null    null    null
null    100.0000000000    3271.3125    3.23254324321432E14
3271834.2134    255.0000000000    -3892843.2    3.28943232E8
3271834.2134    255.0000000000    -3892843.2    3.289432323234E8
3271834.2134    -3823243.4324000000    3.2894323E8    -32423.43243
drop table cast01;
drop table if exists cast02;
create table cast02 (col1 float, col2 double, col3 decimal(30,5), col4 decimal(37,1));
insert into cast02 values (1.321341, -32768.32142, 1235231421424.3214242134124324323, 12342.43243242121);
insert into cast02 values (329884234.3242, null, 3828493, 21);
insert into cast02 values (93024232.32324, -32.243142, 324242132321, null);
select * from cast02;
col1    col2    col3    col4
1.321341    -32768.32142    1235231421424.32142    12342.4
3.2988422E8    null    3828493.00000    21.0
9.302423E7    -32.243142    324242132321.00000    null
alter table cast02 modify col1 int unsigned;
show create table cast02;
Table    Create Table
cast02    CREATE TABLE `cast02` (\n`col1` INT UNSIGNED DEFAULT null,\n`col2` DOUBLE DEFAULT null,\n`col3` DECIMAL(30,5) DEFAULT null,\n`col4` DECIMAL(37,1) DEFAULT null\n)
insert into cast02 values (2724.327832, null, 32325432421432, 100.3322142142);
select * from cast02;
col1    col2    col3    col4
1    -32768.32142    1235231421424.32142    12342.4
329884224    null    3828493.00000    21.0
93024232    -32.243142    324242132321.00000    null
2724    null    32325432421432.00000    100.3
alter table cast02 modify col2 bigint;
show create table cast02;
Table    Create Table
cast02    CREATE TABLE `cast02` (\n`col1` INT UNSIGNED DEFAULT null,\n`col2` BIGINT DEFAULT null,\n`col3` DECIMAL(30,5) DEFAULT null,\n`col4` DECIMAL(37,1) DEFAULT null\n)
insert into cast02 values (1000, 323421423421342, 328943232.321424, -255.321151234);
select * from cast02;
col1    col2    col3    col4
1    -32768    1235231421424.32142    12342.4
329884224    null    3828493.00000    21.0
93024232    -32    324242132321.00000    null
2724    null    32325432421432.00000    100.3
1000    323421423421342    328943232.32142    -255.3
alter table cast02 modify col3 bigint unsigned;
show create table cast02;
Table    Create Table
cast02    CREATE TABLE `cast02` (\n`col1` INT UNSIGNED DEFAULT null,\n`col2` BIGINT DEFAULT null,\n`col3` BIGINT UNSIGNED DEFAULT null,\n`col4` DECIMAL(37,1) DEFAULT null\n)
insert into cast02 values (32718, 100, 32894323237289, 234);
select * from cast02;
col1    col2    col3    col4
1    -32768    1235231421424    12342.4
329884224    null    3828493    21.0
93024232    -32    324242132321    null
2724    null    32325432421432    100.3
1000    323421423421342    328943232    -255.3
32718    100    32894323237289    234.0
alter table cast02 modify col4 smallint first;
[unknown result because it is related to issue#11025]
show create table cast02;
[unknown result because it is related to issue#11025]
insert into cast02 values (234, 32718, 100, 32894323237289);
[unknown result because it is related to issue#11025]
select * from cast02;
[unknown result because it is related to issue#11025]
drop table cast02;
drop table if exists cast03;
create table cast03 (col1 smallint unsigned, col2 float, col3 double, col4 decimal);
insert into cast03 values (1, 323242.34242, 23432.3242, 8329498352.32534242323432);
insert into cast03 values (200, -213443.321412, 32424.342424242, 0.382943424324234);
insert into cast03 (col1, col2, col3, col4) values (null, null, null, null);
alter table cast03 modify col1 char(50), modify col2 char(100), modify col3 varchar(50), modify col4 varchar(15) first;
show create table cast03;
Table    Create Table
cast03    CREATE TABLE `cast03` (\n`col4` VARCHAR(15) DEFAULT null,\n`col1` CHAR(50) DEFAULT null,\n`col2` CHAR(100) DEFAULT null,\n`col3` VARCHAR(50) DEFAULT null\n)
insert into cast03 values ('3243342', '3242f()', '4728947234342,', '457328990r3if943i4u9owiuo4ewfr3w4r3fre');
select * from cast03;
col4    col1    col2    col3
8329498352    1    323242.34    23432.3242
0    200    -2.1344333E+05    32424.342424242
null    null    null    null
3243342    3242f()    4728947234342,    457328990r3if943i4u9owiuo4ewfr3w4r3fre
drop table cast03;
drop table if exists cast04;
create table cast04 (col1 char, col2 varchar, col3 text, col4 blob);
insert into cast04 values ('1', '-281321.21312', '328', '327482739.32413');
insert into cast04 values ('0', '3412234321', '-332134324.2432423423423', '-1032412.4324');
insert into cast04 values (null, null, null, null);
alter table cast04 modify col1 int unsigned;
alter table cast04 modify col2 decimal(34,4) after col4;
show create table cast04;
Table    Create Table
cast04    CREATE TABLE `cast04` (\n`col1` INT UNSIGNED DEFAULT null,\n`col3` TEXT DEFAULT null,\n`col4` BLOB DEFAULT null,\n`col2` DECIMAL(34,4) DEFAULT null\n)
alter table cast04 modify col3 double, modify col4 float;
show create table cast04;
Table    Create Table
cast04    CREATE TABLE `cast04` (\n`col1` INT UNSIGNED DEFAULT null,\n`col3` DOUBLE DEFAULT null,\n`col4` FLOAT DEFAULT null,\n`col2` DECIMAL(34,4) DEFAULT null\n)
insert into cast04 values ();
select * from cast04;
col1    col3    col4    col2
1    328.0    3.2748275E8    -281321.2131
0    -3.321343242432423E8    -1032412.44    3412234321.0000
null    null    null    null
null    null    null    null
drop table cast04;
drop table if exists time01;
create table time01 (col1 date, col2 datetime, col3 timestamp, col4 time);
insert into time01 values ('2020-01-01', '2000-10-10 12:12:12', '1970-01-01 12:23:59.323000', '01:01:29');
insert into time01 values ('1997-01-13', null, '1989-01-01 23:23:59.100000', '23:23:59');
insert into time01 (col1, col2, col3, col4) values ('2030-12-31', '2031-09-09 01:01:01', '2013-12-12 10:10:10.125000', '10:12:12');
select * from time01;
col1    col2    col3    col4
2020-01-01    2000-10-10 12:12:12    1970-01-01 12:23:59    01:01:29
1997-01-13    null    1989-01-01 23:23:59    23:23:59
2030-12-31    2031-09-09 01:01:01    2013-12-12 10:10:10    10:12:12
alter table time01 modify col1 int, modify col2 int first, modify col3 int after col1, modify col4 int;
show create table time01;
Table    Create Table
time01    CREATE TABLE `time01` (\n`col2` INT DEFAULT null,\n`col1` INT DEFAULT null,\n`col3` INT DEFAULT null,\n`col4` INT DEFAULT null\n)
drop table time01;
drop table if exists time02;
create table time02 (col2 datetime, col3 timestamp, col4 time);
insert into time02 values ('2000-10-10 12:12:12', '1970-01-01 12:23:59.323000', '01:01:29');
insert into time02 values ( null, '1889-01-01 23:23:59.125000', '23:23:59');
insert into time02 (col2, col3, col4) values ('2031-09-09 01:01:01', '2013-12-12 10:10:10.125000', '10:12:12');
select * from time02;
col2    col3    col4
2000-10-10 12:12:12    1970-01-01 12:23:59    01:01:29
null    1889-01-01 23:23:59    23:23:59
2031-09-09 01:01:01    2013-12-12 10:10:10    10:12:12
alter table time02 modify col2 decimal(20,10) first, modify col3 decimal after col2, modify col4 decimal(38,0);
show create table time02;
Table    Create Table
time02    CREATE TABLE `time02` (\n`col2` DECIMAL(20,10) DEFAULT null,\n`col3` DECIMAL(38,0) DEFAULT null,\n`col4` DECIMAL(38,0) DEFAULT null\n)
drop table time02;
drop role if exists role_r1;
drop user if exists role_u1;
drop table if exists test01;
create role role_r1;
create user role_u1 identified by '111' default role role_r1;
create table test01(col1 int);
insert into test01 values(1);
insert into test01 values(2);
grant create database on account * to role_r1;
grant show databases on account * to role_r1;
grant connect on account * to role_r1;
grant select on table * to role_r1;
grant show tables on database * to role_r1;
alter table test01 modify col1 int primary key;
internal error: do not have privilege to execute the statement
grant alter table on database * to role_r1;
alter table test01 modify col1 int primary key;
no such table .test01
show create table test01;
no such table .test01
show create table test01;
Table    Create Table
test01    CREATE TABLE `test01` (\n`col1` INT DEFAULT NULL\n)
drop table test01;
drop role role_r1;
drop user role_u1;
drop database test;
Can't drop database 'test'; database doesn't exist
